{"data_part_1.csv": 1726876406.697721, "data_part_4.csv": 1726875931.0334866, "data_part_5.csv": 1726875931.0381427, "data_part_2.csv": 1726875931.0241842, "data_part_3.csv": 1726875931.0286415}